projectTitle,projectCategory,studentLevel,projectDate,intro_title,intro_content,coverUrl_url,coverUrl_altText,problemDescription,solutionProposed,innovationProcess,media_type,media_url,media_altText,teamMembers,technologies,additionalResources,imageGallery,eval_Impacto Potencial,eval_Creatividad Solucion,eval_Innovacion Tecnica,eval_Ejecucion Tecnica,eval_Colaboracion Equipo,eval_Sostenibilidad Diseño
Sistema Inteligente de Monitoreo de Calidad del Aire Urbano,IoT,Preparatoria,15-02-2025,Aire Limpio: Sensores Urbanos IoT,"Desarrollo de una red de sensores de bajo costo (PM2.5, CO, O3) conectados vía LoRaWAN/WiFi (usando ESP32) para monitorear la calidad del aire en puntos clave de la ciudad y visualizar los datos en un mapa web.",https://picsum.photos/seed/aire-iot-cover/640/360,Sensor de calidad de aire con placa ESP32 mostrando lecturas en una pequeña pantalla OLED.,"La contaminación del aire es un problema grave en zonas urbanas, pero los sistemas de monitoreo oficiales son costosos y tienen cobertura limitada, dificultando la toma de conciencia y acciones locales.","Una red distribuida de nodos sensores económicos basados en ESP32 y sensores específicos (PMS5003, MQ-7, MQ-131) que envían datos a una plataforma central (ej. ThingsBoard) para su almacenamiento, análisis y visualización en un mapa interactivo accesible al público.","<p><strong>Investigación:</strong> Tipos de contaminantes, sensores disponibles, protocolos de comunicación IoT (MQTT, LoRaWAN).</p><p><strong>Diseño Hardware:</strong> Selección de componentes, diseño de carcasa protectora impresa en 3D.</p><p><strong>Desarrollo Software:</strong> Programación firmware ESP32 (Arduino C++) para lectura de sensores y comunicación. Desarrollo backend (opcional) o configuración de plataforma IoT (ThingsBoard).</p><p><strong>Despliegue y Calibración:</strong> Instalación de nodos, pruebas de conectividad, calibración básica de sensores.</p><p><strong>Visualización:</strong> Creación de dashboard y mapa web.</p>",video,https://www.youtube.com/embed/Aeroq8M-pc8,,"Valeria Montes;Líder Proyecto / ESP32 Dev;https://polygonscan.com/token/EXAMPLE_SBT_VALERIA_M_1;Redes de Sensores IoT;Ingeniera Redes IoT;Avanzado;ESP32,C++,LoRaWAN,MQTT,Sensores Calidad Aire,ThingsBoard;Diseño sistema,Programación embebida,Gestión datos IoT,Liderazgo;Funcionalidad red,Precisión datos,Escalabilidad;PrepaTec Ciudad Futuro;10-02-2025;assets/img/certificado.png;assets/img/certificado.png | Bruno Cortés;Hardware / Sensores;https://polygonscan.com/token/EXAMPLE_SBT_BRUNO_C_1;Redes de Sensores IoT;Especialista Sensores;Avanzado;Electrónica,Sensores (PMS5003 MQ7 MQ131),Diseño PCB (básico),Impresión 3D;Integración hardware,Calibración sensores,Diseño carcasa;PrepaTec Ciudad Futuro;10-02-2025;assets/img/certificado.png;assets/img/certificado.png | Regina Duarte;Backend / Plataforma IoT;https://polygonscan.com/token/EXAMPLE_SBT_REGINA_D_1;Redes de Sensores IoT;Administradora Cloud IoT;Intermedio;ThingsBoard,Node-RED (opcional),Bases Datos (TimeSeries),APIs;Configuración plataforma,Flujo datos,Visualización dashboard;PrepaTec Ciudad Futuro;10-02-2025;assets/img/certificado.png;assets/img/certificado.png | Mateo Sandoval;Frontend / Mapa Web;https://polygonscan.com/token/EXAMPLE_SBT_MATEO_S_1;Desarrollo Web con APIs;Desarrollador Frontend GIS;Intermedio;HTML,CSS,JavaScript,Leaflet.js,APIs REST;Diseño interfaz mapa,Consumo API,Visualización datos geo;PrepaTec Ciudad Futuro;10-02-2025;assets/img/certificado.png;assets/img/certificado.png | Camila Ríos;Análisis Datos / Documentación;https://polygonscan.com/token/EXAMPLE_SBT_CAMILA_R_1;Introducción Data Science;Analista Datos Ambientales Jr;Básico;Análisis exploratorio datos,Python (Pandas básico),Documentación técnica;Interpretación datos,Calidad reportes;PrepaTec Ciudad Futuro;10-02-2025;assets/img/certificado.png;assets/img/certificado.png",ESP32;microchip;Hardware | LoRaWAN;tower-broadcast;Hardware | MQTT;network-wired;Software | Sensor PM2.5 (PMS5003);smog;Hardware | ThingsBoard;server;Software | Leaflet.js;map-location-dot;Software,Dataset Calidad Aire CDMX (Ejemplo);https://datos.cdmx.gob.mx/dataset/calidad-del-aire;link | Documentación ThingsBoard;https://thingsboard.io/docs/;website | Código Firmware Ejemplo;https://github.com/gnius-examples/air-quality-iot;github,https://picsum.photos/seed/aire-iot-gal1/800/450;Nodo sensor ensamblado dentro de su carcasa impresa en 3D.;Nodo Sensor Físico | https://picsum.photos/seed/aire-iot-gal2/800/450;Dashboard en ThingsBoard mostrando gráficos de PM2.5 y CO.;Dashboard en la Nube | https://picsum.photos/seed/aire-iot-gal3/800/450;Mapa web interactivo con puntos indicando la ubicación y estado de los sensores.;Visualización Geográfica,100,100,100,100,100,100
Videojuego Educativo 'Aventura Matemática' en Godot Engine,Desarrollo de Juegos,Secundaria,25-11-2024,¡Resuelve y Avanza! Aventura Matemática 2D,"Un videojuego de plataformas 2D creado con Godot Engine donde el jugador debe resolver problemas matemáticos (sumas, restas, multiplicaciones básicas) para superar obstáculos y avanzar niveles.",https://picsum.photos/seed/godot-math-cover/640/360,Personaje de videojuego 2D saltando sobre plataformas en un escenario colorido.,La práctica de operaciones matemáticas básicas puede ser monótona. Integrarla en un formato de videojuego puede aumentar la motivación y el engagement.,"Un juego de plataformas donde se presentan problemas matemáticos en momentos clave (abrir puertas, derrotar enemigos simples). El jugador introduce la respuesta para progresar. Incluye niveles con dificultad incremental.","<p><strong>Diseño:</strong> Concepto del juego, diseño de niveles, mecánicas matemáticas.</p><p><strong>Arte:</strong> Creación de sprites para personaje, enemigos, ítems y tilesets para escenarios.</p><p><strong>Desarrollo:</strong> Programación en GDScript (lenguaje de Godot) para movimiento del jugador, física básica, lógica de los problemas matemáticos, sistema de vidas/puntos, diseño de niveles en el editor.</p><p><strong>Sonido:</strong> Integración de música de fondo y efectos de sonido.</p>",video,https://www.youtube.com/embed/cUdfsfA6S4M,,"Leonardo Ávila;Programador Godot / Líder;https://polygonscan.com/token/EXAMPLE_SBT_LEONARDO_A_2;Desarrollo de Juegos con Godot;Maestro GDScript;Intermedio;Godot Engine,GDScript,Lógica de juegos 2D,Diseño niveles (básico);Funcionalidad completa,Código organizado,Jugabilidad;Instituto Turing Jr;20-11-2024;assets/img/certificado.png;assets/img/certificado.png | Renata Vargas;Artista 2D / Animadora;https://polygonscan.com/token/EXAMPLE_SBT_RENATA_V_2;Arte Pixel y Animación 2D;Artista Pixel;Intermedio;Pixel Art,Aseprite (o similar),Animación sprites 2D,Diseño Tilesets;Calidad artística,Animaciones fluidas,Coherencia visual;Instituto Turing Jr;20-11-2024;assets/img/certificado.png;assets/img/certificado.png | Santiago Luna;Diseñador Juego / Niveles;https://polygonscan.com/token/EXAMPLE_SBT_SANTIAGO_L_2;Diseño de Videojuegos Educativos;Arquitecto Lúdico;Básico;Diseño de juegos,Curva dificultad,Diseño niveles,Matemáticas (contenido);Originalidad mecánica,Progresión dificultad,Claridad retos;Instituto Turing Jr;20-11-2024;assets/img/certificado.png;assets/img/certificado.png | Camila Herrera;Música y Sonido;https://polygonscan.com/token/EXAMPLE_SBT_CAMILA_H_2;Producción Musical para Juegos;Compositora Gamer;Básico;Composición musical (básica),Edición audio,SFX;Calidad audio,Adecuación música/SFX;Instituto Turing Jr;20-11-2024;assets/img/certificado.png;assets/img/certificado.png | Mateo Navarro;Tester / QA;https://polygonscan.com/token/EXAMPLE_SBT_MATEO_N_2;Desarrollo de Juegos con Godot;Detective de Bugs;Básico;Pruebas videojuegos,Reporte errores,Feedback jugabilidad;Identificación bugs,Calidad feedback;Instituto Turing Jr;20-11-2024;assets/img/certificado.png;assets/img/certificado.png",Godot Engine;robot;Software | GDScript;code;Software | Pixel Art;palette;Tool | Aseprite;image;Software | Diseño de Juegos;gamepad;Tool,Documentación Godot Engine;https://docs.godotengine.org/en/stable/;website | Tutorial Plataformas 2D Godot;https://docs.godotengine.org/en/stable/getting_started/first_2d_game/index.html;link | Demo Jugable (Itch.io);https://example-user.itch.io/aventura-matematica;link,https://picsum.photos/seed/godot-math-gal1/800/450;Sprite sheet del personaje principal con sus animaciones.;Animación Personaje | https://picsum.photos/seed/godot-math-gal2/800/450;Editor de niveles de Godot mostrando el diseño de una pantalla.;Diseño de Nivel | https://picsum.photos/seed/godot-math-gal3/800/450;Código GDScript para validar la respuesta matemática del jugador.;Lógica Matemática,95,95,95,95,95,95
Aplicación Web 'Recetario Comunitario' con Flask/Python,Desarrollo Web,Secundaria,10-10-2024,Sabores Compartidos: Recetario Web,"Una aplicación web simple construida con Flask (Python) donde los usuarios pueden ver, añadir y buscar recetas de cocina compartidas por la comunidad.",https://picsum.photos/seed/flask-recipe-cover/640/360,Captura de pantalla de la página principal mostrando tarjetas con fotos y nombres de recetas.,Buscar y compartir recetas online puede implicar navegar por sitios complejos o con mucha publicidad. Se busca una alternativa simple y colaborativa.,"Una aplicación web básica con Flask que permite: listar recetas (con imagen, título), ver detalle de una receta (ingredientes, pasos), añadir nueva receta mediante un formulario. Usa una base de datos simple (SQLite o similar) para persistencia.","<p><strong>Backend:</strong> Definición de rutas Flask, manejo de formularios (WTForms), interacción con base de datos (SQLAlchemy o directo SQLite), estructura de modelos.</p><p><strong>Frontend:</strong> Creación de plantillas HTML (Jinja2), diseño básico con CSS (posiblemente Tailwind o Bootstrap), formulario de carga.</p><p><strong>Base de Datos:</strong> Diseño de tabla(s) para recetas.</p>",video,https://www.youtube.com/embed/Z1RJmh_OqeA,,"Isabella Castro;Desarrolladora Backend (Flask);https://polygonscan.com/token/EXAMPLE_SBT_ISABELLA_C_3;Desarrollo Web con Python y Flask;Arquitecta Flask;Intermedio;Python,Flask,SQLite,SQLAlchemy (opcional),HTML (Jinja2);Funcionalidad backend,Lógica aplicación,Manejo BD;Secundaria Técnica #42;05-10-2024;assets/img/certificado.png;assets/img/certificado.png | Nicolás Pardo;Desarrollador Frontend;https://polygonscan.com/token/EXAMPLE_SBT_NICOLAS_P_3;Desarrollo Web con Python y Flask;Maquetador Web;Intermedio;HTML,CSS,Jinja2,Bootstrap/Tailwind (básico);Diseño interfaz,Maquetación,Responsividad básica;Secundaria Técnica #42;05-10-2024;assets/img/certificado.png;assets/img/certificado.png | Valentina Jiménez;Diseño UI/UX;https://polygonscan.com/token/EXAMPLE_SBT_VALENTINA_J_3;Diseño de Interfaces Web;Diseñadora Experiencias Culinarias;Básico;Diseño UI,Wireframing,Flujo usuario;Usabilidad interfaz,Claridad diseño;Secundaria Técnica #42;05-10-2024;assets/img/certificado.png;assets/img/certificado.png | David Romero;Gestor de Contenido (Recetas);https://polygonscan.com/token/EXAMPLE_SBT_DAVID_R_3;Redacción y Contenido Digital;Chef Digital;Básico;Redacción recetas,Fotografía básica (opcional),Organización contenido;Calidad contenido,Formato recetas;Secundaria Técnica #42;05-10-2024;assets/img/certificado.png;assets/img/certificado.png | Ana Sofía Mora;Tester;https://polygonscan.com/token/EXAMPLE_SBT_ANASOFIA_M_3;Desarrollo Web con Python y Flask;Catadora de Código;Básico;Pruebas funcionales,Reporte errores;Identificación bugs;Secundaria Técnica #42;05-10-2024;assets/img/certificado.png;assets/img/certificado.png",Python;python;Software | Flask;network-wired;Software | SQLite;database;Software | HTML;html5;Software | CSS;css3-alt;Software | Jinja2;code;Tool,Documentación Flask;https://flask.palletsprojects.com/;website | Tutorial SQLAlchemy (Opcional);https://www.sqlalchemy.org/;website | Demo Aplicación;https://recetario-flask-ejemplo.onrender.com;link,https://picsum.photos/seed/flask-recipe-gal1/800/450;Código Python mostrando una ruta de Flask para mostrar una receta.;Código Backend | https://picsum.photos/seed/flask-recipe-gal2/800/450;Plantilla HTML con Jinja2 para mostrar la lista de recetas.;Plantilla Frontend | https://picsum.photos/seed/flask-recipe-gal3/800/450;Formulario web para añadir una nueva receta.;Formulario Añadir Receta,85,85,85,85,85,85
Sistema de Recomendación Musical Simple,Data Science,Preparatoria,30-04-2025,Tu Próxima Canción Favorita: Recomendador Musical,Un script en Python que toma el historial de escucha de un usuario (simulado o real básico) y sugiere nuevas canciones basado en similitud de géneros o artistas (filtrado colaborativo/contenido simple).,https://picsum.photos/seed/music-rec-cover/640/360,Visualización abstracta de conexiones entre artistas musicales.,Descubrir nueva música alineada a los gustos personales puede ser un desafío ante la vasta oferta disponible.,Implementar un algoritmo simple de recomendación: (1) Basado en contenido: Recomendar canciones del mismo género/artista. (2) Colaborativo (muy simple): Encontrar usuarios 'similares' (que escucharon canciones en común) y recomendar canciones que ellos escucharon pero el usuario actual no.,"<p>Obtención/simulación de datos de escucha. Limpieza y estructuración de datos (Pandas). Implementación de lógica de similitud (ej. Jaccard index para usuarios, comparación de tags para contenido). Generación de lista de recomendaciones.</p>",video,https://www.youtube.com/embed/9gBC9N-mGSo,,"Daniela Fuentes;Científica de Datos Jr;https://polygonscan.com/token/EXAMPLE_SBT_DANIELA_F_4;Introducción a Sistemas de Recomendación;Recomendadora Algorítmica;Intermedio;Python,Pandas,Scikit-learn (básico),Algoritmos recomendación (simple);Lógica algoritmo,Manejo datos,Precisión (evaluación básica);Prepa Gauss;25-04-2025;assets/img/certificado.png;assets/img/certificado.png | Rodrigo Peña;Ingeniero de Datos Jr;https://polygonscan.com/token/EXAMPLE_SBT_RODRIGO_P_4;Introducción a Sistemas de Recomendación;Organizador de Datos;Intermedio;Python,Pandas,Limpieza datos,Estructuración datos;Calidad datos,Eficiencia procesamiento;Prepa Gauss;25-04-2025;assets/img/certificado.png;assets/img/certificado.png | Gabriela Núñez;Investigadora Musical;https://polygonscan.com/token/EXAMPLE_SBT_GABRIELA_N_4;Cultura Musical y Datos;Musicóloga Digital;Básico;Géneros musicales,Metadatos musicales,Investigación;Clasificación géneros,Riqueza metadatos;Prepa Gauss;25-04-2025;assets/img/certificado.png;assets/img/certificado.png | Adrián Solís;Tester / Validador;https://polygonscan.com/token/EXAMPLE_SBT_ADRIAN_S_4;Introducción a Sistemas de Recomendación;Evaluador de Recomendaciones;Básico;Pruebas funcionales,Evaluación cualitativa;Validación lógica,Feedback relevancia;Prepa Gauss;25-04-2025;assets/img/certificado.png;assets/img/certificado.png",Python;python;Software | Pandas;table-list;Software | Scikit-learn;gear;Software | Filtrado Colaborativo;users;Tool | Filtrado Basado en Contenido;tags;Tool,Dataset Musical Ejemplo (Million Song Dataset subset);http://millionsongdataset.com/;link | Artículo sobre Recomendadores;https://developers.google.com/machine-learning/recommendation;link | Código Ejemplo GitHub;https://github.com/gnius-examples/music-recommender;github,https://picsum.photos/seed/music-rec-gal1/800/450;Matriz usuario-item (simplificada) mostrando qué canciones escuchó cada usuario.;Matriz de Datos | https://picsum.photos/seed/music-rec-gal2/800/450;Visualización de géneros musicales predominantes en el dataset.;Análisis de Géneros,70,70,70,70,70,70
Brazo Robótico Controlado por Gestos (Leap Motion/Arduino),Robótica Avanzada,Preparatoria,15-07-2025,Control Intuitivo: Brazo Robótico por Gestos,Integración de un sensor Leap Motion para capturar gestos de la mano y controlar los movimientos de un brazo robótico simple (3-4 servos) conectado a un Arduino.,https://picsum.photos/seed/leap-arm-cover/640/360,Mano interactuando con sensor Leap Motion mientras un brazo robótico replica el movimiento.,Controlar un brazo robótico con joysticks o botones puede ser poco intuitivo para tareas complejas. El control por gestos ofrece una alternativa natural.,Capturar datos de posición y orientación de la mano/dedos desde Leap Motion SDK (usando Python o C#). Mapear estos datos a ángulos de los servomotores del brazo robótico. Enviar los comandos de ángulo al Arduino vía comunicación serial.,<p>Configuración Leap Motion SDK. Programación script PC para leer datos Leap Motion y mapear gestos a ángulos. Programación Arduino para recibir comandos seriales y mover servos. Ensamblaje brazo robótico. Calibración mapeo gesto-servo.</p>,video,https://www.youtube.com/embed/PFpKug_0TJE,,"Andrés Villa;Líder / Programador Python/C#;https://polygonscan.com/token/EXAMPLE_SBT_ANDRES_VL_5;Control Robótico Avanzado;Maestro de Gestos;Avanzado;Python/C#,Leap Motion SDK,Comunicación Serial,Mapeo Datos;Funcionalidad control,Precisión mapeo,Latencia baja;CETI Colomos;10-07-2025;assets/img/certificado.png;assets/img/certificado.png | Sofía Mendoza;Programadora Arduino / Servos;https://polygonscan.com/token/EXAMPLE_SBT_SOFIA_M_5;Control Robótico Avanzado;Ingeniera Servomotores;Intermedio;Arduino (C++),Servomotores,Comunicación Serial (receptor);Control preciso servos,Comunicación fiable;CETI Colomos;10-07-2025;assets/img/certificado.png;assets/img/certificado.png | Diego Castillo;Ensamblaje Brazo Robótico;https://polygonscan.com/token/EXAMPLE_SBT_DIEGO_C_5;Mecatrónica Aplicada;Ensamblador Robótico;Intermedio;Mecánica brazo robot,Ensamblaje,Conexiones servos;Calidad ensamblaje,Movimiento fluido;CETI Colomos;10-07-2025;assets/img/certificado.png;assets/img/certificado.png | Fernanda Lara;Pruebas / Calibración;https://polygonscan.com/token/EXAMPLE_SBT_FERNANDA_L_5;Control Robótico Avanzado;Calibradora Kinemática;Básico;Pruebas funcionales,Calibración,Ajuste mapeo;Precisión movimiento,Reporte pruebas;CETI Colomos;10-07-2025;assets/img/certificado.png;assets/img/certificado.png | Ricardo Jiménez;Documentación;https://polygonscan.com/token/EXAMPLE_SBT_RICARDO_J_5;Control Robótico Avanzado;Documentador Robótico;Básico;Documentación técnica;Claridad explicación;CETI Colomos;10-07-2025;assets/img/certificado.png;assets/img/certificado.png",Leap Motion;hand-pointer;Hardware | Arduino;microchip;Hardware | Servomotor;gear;Hardware | Python / C#;code;Software | Comunicación Serial;plug;Tool,Documentación Leap Motion SDK;https://developer.leapmotion.com/documentation/;website | Brazo Robótico Ejemplo (Impresión 3D);https://www.thingiverse.com/thing:1454048;link | Código Ejemplo (GitHub);https://github.com/gnius-examples/leap-robot-arm;github,https://picsum.photos/seed/leap-arm-gal1/800/450;Visualización 3D de la mano capturada por Leap Motion.;Captura de Gestos | https://picsum.photos/seed/leap-arm-gal2/800/450;Brazo robótico ensamblado con sus servomotores visibles.;Hardware Ensamblado | https://picsum.photos/seed/leap-arm-gal3/800/450;Código mostrando el mapeo de coordenadas de la mano a ángulos de servo.;Mapeo Gesto-Servo,92,85,96,90,94,80
Generador de Poesía Asistido por IA (GPT/Markov),Inteligencia Artificial,Preparatoria,20-03-2025,Versos Digitales: Poesía con IA,Una herramienta simple (web o script) que utiliza modelos de lenguaje (como cadenas de Markov entrenadas o una API de GPT simple) para generar versos o poemas cortos a partir de una palabra clave o tema inicial.,https://picsum.photos/seed/ai-poetry-cover/640/360,Texto de un poema corto generado por computadora sobre un fondo abstracto.,Explorar la creatividad computacional y cómo los modelos de lenguaje pueden ser usados para tareas artísticas como la generación de texto poético.,(1) Cadenas de Markov: Entrenar un modelo de Markov con un corpus de poesía existente y generar nuevo texto basado en probabilidades de transición. (2) API GPT: Usar una API (como OpenAI con un modelo pequeño/gratuito si es posible) con un prompt diseñado para generar poesía sobre un tema.,<p><strong>Opción Markov:</strong> Selección/creación de corpus. Implementación de modelo de Markov en Python. Generación y filtrado de texto.</p><p><strong>Opción API:</strong> Obtención de clave API (si aplica). Diseño de prompts efectivos. Programación de script/interfaz para llamar a la API y mostrar resultados.</p>,video,https://www.youtube.com/embed/MVgVzMpStMo,,"Isabella Navarro;Desarrolladora IA (Python);https://polygonscan.com/token/EXAMPLE_SBT_ISABELLA_N_6;IA Generativa de Texto;Poeta Algorítmica;Intermedio;Python,Cadenas Markov,APIs (GPT),Procesamiento Texto;Lógica generación,Calidad texto generado,Manejo API;Prepa #6 Coyoacán;15-03-2025;assets/img/certificado.png;assets/img/certificado.png | Santiago Herrera;Investigador / Corpus Poético;https://polygonscan.com/token/EXAMPLE_SBT_SANTIAGO_H_6;Literatura y Tecnología;Archivista Lírico;Intermedio;Literatura (Poesía),Creación Corpus,Análisis Texto;Calidad corpus,Selección textos relevantes;Prepa #6 Coyoacán;15-03-2025;assets/img/certificado.png;assets/img/certificado.png | Regina Ponce;Diseño de Interfaz / Prompting;https://polygonscan.com/token/EXAMPLE_SBT_REGINA_P_6;Interacción Humano-Computadora;Diseñadora Prompts;Básico;Diseño UI (simple),Prompt Engineering (básico),HTML/CSS (básico);Usabilidad interfaz,Efectividad prompts;Prepa #6 Coyoacán;15-03-2025;assets/img/certificado.png;assets/img/certificado.png | Mateo Castillo;Evaluador / Editor;https://polygonscan.com/token/EXAMPLE_SBT_MATEO_C_6;IA Generativa de Texto;Editor IA;Básico;Evaluación cualitativa,Edición texto,Poética (básica);Feedback calidad,Sugerencias mejora;Prepa #6 Coyoacán;15-03-2025;assets/img/certificado.png;assets/img/certificado.png | Camila Segura;Presentación;https://polygonscan.com/token/EXAMPLE_SBT_CAMILA_S_6;IA Generativa de Texto;Divulgadora IA;Básico;Presentación;Claridad explicación;Prepa #6 Coyoacán;15-03-2025;assets/img/certificado.png;assets/img/certificado.png",Python;python;Software | Cadenas de Markov;link;Tool | API GPT (OpenAI);robot;Software | Procesamiento de Lenguaje Natural (PLN);brain;Tool | Literatura;book;Tool,Tutorial Cadenas de Markov Python;https://www.example.com/markov-python;link | Documentación API OpenAI;https://platform.openai.com/docs;website | Herramienta Online (Ejemplo);https://poem-generator-example.netlify.app/;link,https://picsum.photos/seed/ai-poetry-gal1/800/450;Ejemplo de texto generado usando Cadenas de Markov.;Generación Markov | https://picsum.photos/seed/ai-poetry-gal2/800/450;Prompt utilizado para generar poesía con la API de GPT.;Diseño de Prompt | https://picsum.photos/seed/ai-poetry-gal3/800/450;Corpus de poemas utilizado para entrenar el modelo Markov.;Corpus Poético,75,96,88,80,90,85
Realidad Aumentada Simple: Modelo 3D sobre Marcador (AR.js),Realidad Aumentada,Secundaria,01-12-2024,Magia Virtual: AR con Marcadores,"Una página web simple que usa la cámara del dispositivo y la librería AR.js para detectar un marcador impreso y superponer un modelo 3D (ej. un átomo, un animal simple) sobre él.",https://picsum.photos/seed/ar-marker-cover/640/360,Smartphone mostrando un modelo 3D de un átomo flotando sobre un marcador físico impreso.,"La Realidad Aumentada ofrece formas interactivas de visualizar información y modelos 3D en el mundo real, pero puede parecer compleja de implementar.",Utilizar AR.js (basado en A-Frame o Three.js) para crear una escena web AR. Definir un marcador personalizado (imagen). Cargar un modelo 3D (formato glTF/GLB). Asociar el modelo al marcador para que aparezca cuando la cámara lo detecte.,"<p>Configuración de HTML con librerías AR.js y A-Frame/Three.js. Creación/descarga de marcador personalizado. Creación/descarga de modelo 3D simple (glTF/GLB). Escritura del código HTML/A-Frame para definir la escena, el marcador y el modelo asociado.</p>",video,https://www.youtube.com/embed/mARrfQlG3cc,,"Valeria Ríos;Desarrolladora AR.js / A-Frame;https://polygonscan.com/token/EXAMPLE_SBT_VALERIA_RS_7;Introducción a la Realidad Aumentada Web;Creadora AR Web;Intermedio;AR.js,A-Frame,HTML,JavaScript (básico),Modelos 3D (uso);Funcionalidad AR,Detección marcador,Visualización modelo;Instituto Da Vinci;25-11-2024;assets/img/certificado.png;assets/img/certificado.png | Diego Luna;Diseñador 3D / Marcador;https://polygonscan.com/token/EXAMPLE_SBT_DIEGO_L_7;Modelado 3D Básico;Artista 3D Jr;Básico;Modelado 3D (Blender/Tinkercad),Formato glTF/GLB,Diseño marcador AR;Calidad modelo 3D,Diseño marcador efectivo;Instituto Da Vinci;25-11-2024;assets/img/certificado.png;assets/img/certificado.png | Camila Soto;Contenido / Pruebas;https://polygonscan.com/token/EXAMPLE_SBT_CAMILA_ST_7;Introducción a la Realidad Aumentada Web;Tester AR;Básico;Pruebas funcionales AR,Documentación uso;Reporte bugs,Claridad instrucciones;Instituto Da Vinci;25-11-2024;assets/img/certificado.png;assets/img/certificado.png | Mateo Ponce;Asistente Técnico;https://polygonscan.com/token/EXAMPLE_SBT_MATEO_P_7;Introducción a la Realidad Aumentada Web;Soporte AR;Básico;HTML (básico),Resolución problemas básicos;Apoyo técnico;Instituto Da Vinci;25-11-2024;assets/img/certificado.png;assets/img/certificado.png | Renata Flores;Presentación;https://polygonscan.com/token/EXAMPLE_SBT_RENATA_F_7;Introducción a la Realidad Aumentada Web;Comunicadora AR;Básico;Presentación;Claridad explicación;Instituto Da Vinci;25-11-2024;assets/img/certificado.png;assets/img/certificado.png",AR.js;camera;Software | A-Frame;cubes;Software | Three.js;cube;Software | HTML;html5;Software | glTF/GLB;box-archive;Tool,Documentación AR.js;https://ar-js-org.github.io/AR.js-Docs/;website | Documentación A-Frame;https://aframe.io/docs/;website | Modelos 3D Gratuitos (Sketchfab);https://sketchfab.com/features/gltf;link,https://picsum.photos/seed/ar-marker-gal1/800/450;Marcador personalizado diseñado para ser detectado por AR.js.;Marcador AR | https://picsum.photos/seed/ar-marker-gal2/800/450;Modelo 3D de un dinosaurio simple en formato glTF.;Modelo 3D | https://picsum.photos/seed/ar-marker-gal3/800/450;Código HTML/A-Frame de la escena AR básica.;Código Escena AR,80,88,82,90,95,78
Analizador Simple de Sentimiento en Texto (Python/NLTK),Inteligencia Artificial,Preparatoria,10-01-2025,¿Positivo o Negativo? Análisis de Sentimiento,"Un script en Python que utiliza NLTK o una librería similar (VADER, TextBlob) para analizar un texto corto (ej. un tweet, una reseña) y clasificar su sentimiento predominante (positivo, negativo, neutro).",https://picsum.photos/seed/sentiment-nltk-cover/640/360,"Texto de ejemplo con etiquetas 'Positivo', 'Negativo', 'Neutro' indicando el sentimiento detectado.","Comprender la opinión o emoción expresada en grandes volúmenes de texto puede ser útil para análisis social, de mercado, etc.",Usar una librería de PLN como NLTK con un lexicón de sentimientos (como VADER) o un clasificador pre-entrenado (TextBlob) para asignar una puntuación de polaridad a un texto de entrada y clasificarlo.,"<p>Instalación de NLTK/VADER/TextBlob. Carga de léxicos/modelos necesarios. Preprocesamiento básico del texto (tokenización, limpieza). Aplicación del analizador de sentimiento. Interpretación de la puntuación resultante.</p>",video,https://www.youtube.com/embed/WFcVfczשרשר,,"Fernanda Peña;Desarrolladora PLN (Python);https://polygonscan.com/token/EXAMPLE_SBT_FERNANDA_P_9;Procesamiento de Lenguaje Natural Básico;Lingüista Computacional Jr;Intermedio;Python,NLTK,VADER/TextBlob,PLN (conceptos);Funcionalidad análisis,Precisión (evaluación simple),Manejo librerías;Instituto Babbage;05-01-2025;assets/img/certificado.png;assets/img/certificado.png | Ricardo Moreno;Investigador / Datos Prueba;https://polygonscan.com/token/EXAMPLE_SBT_RICARDO_M_9;Procesamiento de Lenguaje Natural Básico;Curador de Texto;Básico;Recopilación texto,Clasificación manual (para prueba),Análisis lingüístico (básico);Calidad datos prueba,Variedad ejemplos;Instituto Babbage;05-01-2025;assets/img/certificado.png;assets/img/certificado.png | Camila Ortiz;Tester / Validación;https://polygonscan.com/token/EXAMPLE_SBT_CAMILA_O_9;Procesamiento de Lenguaje Natural Básico;Validadora Sentimientos;Básico;Pruebas funcionales,Evaluación cualitativa;Validación clasificación,Reporte errores;Instituto Babbage;05-01-2025;assets/img/certificado.png;assets/img/certificado.png | Diego Vidal;Documentación;https://polygonscan.com/token/EXAMPLE_SBT_DIEGO_V_9;Procesamiento de Lenguaje Natural Básico;Documentador PLN;Básico;Documentación código,Explicación proceso;Claridad documentación;Instituto Babbage;05-01-2025;assets/img/certificado.png;assets/img/certificado.png",Python;python;Software | NLTK;book-open-reader;Software | VADER / TextBlob;comment-dots;Software | Análisis de Sentimiento;face-smile-beam;Tool | PLN;brain;Tool,Documentación NLTK;https://www.nltk.org/;website | Librería VADER;https://github.com/cjhutto/vaderSentiment;github | Librería TextBlob;https://textblob.readthedocs.io/;website,"https://picsum.photos/seed/sentiment-nltk-gal1/800/450;Código Python mostrando cómo usar VADER para obtener score de sentimiento.;Código Análisis | https://picsum.photos/seed/sentiment-nltk-gal2/800/450;Ejemplos de textos clasificados como positivos, negativos y neutros por la herramienta.;Resultados de Clasificación",82,75,88,85,93,78
Purificador de Agua Casero con Filtros Naturales,Ciencia Aplicada,Secundaria,20-09-2024,Agua Limpia DIY: Filtro Natural,"Construcción de un prototipo de filtro de agua utilizando capas de materiales naturales (arena, grava, carbón activado casero, algodón) para purificar agua turbia de forma básica.",https://picsum.photos/seed/water-filter-diy-cover/640/360,"Botella de plástico cortada con capas visibles de grava, arena, carbón y algodón, con agua filtrada goteando abajo.",El acceso a agua potable es crucial. Entender los principios básicos de filtración mediante un experimento práctico fomenta la conciencia ambiental y científica.,Construir un filtro por capas en un recipiente (ej. botella cortada). Pasar agua turbia (con tierra) a través de él y observar cómo las capas retienen partículas y el carbón (si se usa) ayuda a eliminar olores/colores. Medir turbidez antes y después (cualitativamente).,"<p>Investigación sobre materiales filtrantes naturales. Recolección y preparación de materiales (lavar arena/grava, preparar carbón activado simple). Construcción del filtro por capas. Realización de pruebas de filtración y observación.</p>",video,https://www.youtube.com/embed/4z4l8qo9w2I,,"Santiago Gil;Constructor / Experimentador;https://polygonscan.com/token/EXAMPLE_SBT_SANTIAGO_G_10;Ciencia Experimental;Científico Casero;Básico;Método científico (básico),Construcción prototipos,Observación,Registro datos;Funcionalidad filtro,Claridad proceso,Observación detallada;Secundaria Marie Curie;15-09-2024;assets/img/certificado.png;assets/img/certificado.png | Regina Lara;Investigadora Materiales;https://polygonscan.com/token/EXAMPLE_SBT_REGINA_L_10;Ciencia Experimental;Exploradora Materiales;Básico;Investigación,Propiedades materiales,Química básica;Selección materiales,Justificación elección;Secundaria Marie Curie;15-09-2024;assets/img/certificado.png;assets/img/certificado.png | Leonardo Reyes;Documentación / Fotografía;https://polygonscan.com/token/EXAMPLE_SBT_LEONARDO_R_10;Ciencia Experimental;Documentalista Científico;Básico;Documentación proceso,Fotografía básica;Registro visual claro,Explicación pasos;Secundaria Marie Curie;15-09-2024;assets/img/certificado.png;assets/img/certificado.png | Ximena Campos;Análisis Resultados;https://polygonscan.com/token/EXAMPLE_SBT_XIMENA_C_10;Ciencia Experimental;Analista Observacional;Básico;Análisis cualitativo,Comparación antes/después;Interpretación resultados;Secundaria Marie Curie;15-09-2024;assets/img/certificado.png;assets/img/certificado.png | Bruno Montes;Preparación Carbón Activado;https://polygonscan.com/token/EXAMPLE_SBT_BRUNO_M_10;Ciencia Experimental;Maestro Carbón;Básico;Seguridad laboratorio (básica),Proceso químico (simple);Obtención carbón;Secundaria Marie Curie;15-09-2024;assets/img/certificado.png;assets/img/certificado.png",Filtro de Agua;filter;Tool | Arena / Grava;mountain;Tool | Carbón Activado;fire;Tool | Método Científico;vial-virus;Tool | Observación;eye;Tool,Cómo Hacer Carbón Activado Casero (Instructable);https://www.instructables.com/How-To-Make-Your-Own-Activated-Charcoal/;link | Experimentos Filtración Agua;https://www.sciencebuddies.org/science-fair-projects/project-ideas/EnvSci_p018/environmental-science/make-your-own-water-filter;link,"https://picsum.photos/seed/water-filter-diy-gal1/800/450;Capas de arena, grava y carbón cuidadosamente colocadas en la botella cortada.;Construcción del Filtro | https://picsum.photos/seed/water-filter-diy-gal2/800/450;Comparación visual del agua turbia antes y el agua filtrada después.;Resultados de Filtración | https://picsum.photos/seed/water-filter-diy-gal3/800/450;Proceso de preparación del carbón activado casero (carbonización).;Carbón Activado DIY",75,85,60,70,95,90
Estudio de Biodiversidad Local con Trampas Fotográficas Caseras,Biología y Tecnología,Secundaria,05-11-2024,Cámara Oculta: Espiando la Fauna Local,"Construcción y despliegue de trampas fotográficas simples (usando Raspberry Pi Zero/Pico, cámara y sensor PIR) para capturar imágenes de la fauna nocturna o esquiva en un área verde local (parque, jardín escolar).",https://picsum.photos/seed/camera-trap-cover/640/360,Foto nocturna de un tlacuache capturado por una cámara trampa casera.,"Estudiar la biodiversidad local, especialmente animales nocturnos o tímidos, requiere métodos no invasivos. Las trampas fotográficas comerciales son caras.","Construir una cámara trampa con Raspberry Pi Zero W o Pico W, módulo de cámara Pi, sensor PIR y baterías. Programar un script Python para tomar una foto/video cuando el PIR detecte movimiento. Desplegar en un lugar seguro y analizar las imágenes capturadas.","<p>Ensamblaje hardware (Pi, cámara, PIR, carcasa). Configuración Raspberry Pi OS. Programación script Python (usando `picamera` y `gpiozero`). Pruebas de detección y captura. Despliegue en campo y recolección de datos (imágenes).</p>",video,https://www.youtube.com/embed/kEMefxyStcQ,,"Andrés Navarro;Desarrollador Python/RPi;https://polygonscan.com/token/EXAMPLE_SBT_ANDRES_N_11;Tecnología para la Biodiversidad;Ingeniero Vida Silvestre Digital;Intermedio;Python,Raspberry Pi,GPIO Zero,picamera,Linux (básico);Funcionalidad script,Captura imagen,Autonomía (batería);Club de Ciencias Naturales;01-11-2024;assets/img/certificado.png;assets/img/certificado.png | Isabella Fuentes;Bióloga / Identificación Especies;https://polygonscan.com/token/EXAMPLE_SBT_ISABELLA_F_11;Biología de Campo;Naturalista Digital;Intermedio;Biodiversidad local,Identificación fauna,Ecología básica;Precisión identificación,Análisis datos biológicos;Club de Ciencias Naturales;01-11-2024;assets/img/certificado.png;assets/img/certificado.png | Jorge Durán;Ensamblaje Hardware / Carcasa;https://polygonscan.com/token/EXAMPLE_SBT_JORGE_D_11;Tecnología para la Biodiversidad;Constructor de Campo;Básico;Ensamblaje electrónico,Diseño carcasa (simple),Protección intemperie;Robustez dispositivo,Resistencia ambiental;Club de Ciencias Naturales;01-11-2024;assets/img/certificado.png;assets/img/certificado.png | Valentina Ponce;Análisis Imágenes / Documentación;https://polygonscan.com/token/EXAMPLE_SBT_VALENTINA_P_11;Tecnología para la Biodiversidad;Documentalista Biodiversidad;Básico;Análisis imágenes,Clasificación datos,Documentación;Organización fotos,Calidad documentación;Club de Ciencias Naturales;01-11-2024;assets/img/certificado.png;assets/img/certificado.png",Raspberry Pi Zero/Pico;raspberry-pi;Hardware | Python;python;Software | Sensor PIR;person-rays;Hardware | Módulo Cámara Pi;camera;Hardware | GPIO Zero;plug;Software,Tutorial Cámara Trampa RPi;https://projects.raspberrypi.org/en/projects/wildlife-camera-trap;link | Guía Fauna Local (Ejemplo);https://www.naturalista.mx/;website,"https://picsum.photos/seed/camera-trap-gal1/800/450;Circuito ensamblado con Raspberry Pi, cámara y sensor PIR.;Hardware Ensamblado | https://picsum.photos/seed/camera-trap-gal2/800/450;Código Python para detectar movimiento y tomar foto.;Script de Captura | https://picsum.photos/seed/camera-trap-gal3/800/450;Tabla clasificando las especies identificadas en las fotos capturadas.;Resultados Estudio",90,80,85,88,96,82
Creación de Música Electrónica con Secuenciador Web (Tone.js),Música y Tecnología,Preparatoria,18-08-2024,Ritmos Digitales: Secuenciador Web,"Desarrollo de un secuenciador de batería o melodía simple basado en web usando Tone.js y JavaScript, permitiendo al usuario crear patrones rítmicos o melódicos en el navegador.",https://picsum.photos/seed/tonejs-seq-cover/640/360,Interfaz de secuenciador web con una cuadrícula para activar notas y controles de tempo.,"Explorar la síntesis de sonido y la creación musical algorítmica directamente en el navegador, haciéndolo accesible sin software especializado.",Crear una interfaz HTML con una cuadrícula (botones o divs). Usar Tone.js para generar sonidos de batería (sintetizados o samples) o notas de sintetizador. Programar la lógica del secuenciador en JavaScript para reproducir el patrón de la cuadrícula a un tempo determinado.,"<p>Configuración básica HTML/CSS/JS. Inclusión de Tone.js. Creación de la interfaz de cuadrícula. Programación de instrumentos/synths con Tone.js. Implementación de la lógica de loop/secuencia (Tone.Transport). Manejo de interacción del usuario (clics en cuadrícula, control tempo).</p>",video,https://www.youtube.com/embed/TGCRb9lKxIE,,"Mariana Vega;Desarrolladora Web Audio (JS);https://polygonscan.com/token/EXAMPLE_SBT_MARIANA_V_12;Música Interactiva en la Web;Productora WebAudio;Avanzado;JavaScript,Tone.js,Web Audio API (básico),HTML,CSS;Funcionalidad secuenciador,Calidad sonido,Interfaz reactiva;Academia de Código Sonoro;14-08-2024;assets/img/certificado.png;assets/img/certificado.png | Luis Carlos Mora;Diseñador Sonido / Samples;https://polygonscan.com/token/EXAMPLE_SBT_LUISCARLOS_M_12;Música Interactiva en la Web;Diseñador Kits Batería;Intermedio;Síntesis (básica),Edición Samples,Diseño Sonoro;Calidad sonidos,Variedad kits;Academia de Código Sonoro;14-08-2024;assets/img/certificado.png;assets/img/certificado.png | Sofía Beltrán;Diseñadora UI/UX;https://polygonscan.com/token/EXAMPLE_SBT_SOFIA_B_12;Diseño de Interfaces Musicales;Diseñadora Ritmos Visuales;Básico;Diseño UI,CSS,Experiencia Usuario (música);Usabilidad interfaz,Diseño claro;Academia de Código Sonoro;14-08-2024;assets/img/certificado.png;assets/img/certificado.png | Andrés Islas;Tester / Compositor;https://polygonscan.com/token/EXAMPLE_SBT_ANDRES_I_12;Música Interactiva en la Web;Explorador Rítmico;Básico;Pruebas funcionales,Creación patrones,Feedback musical;Reporte bugs,Creatividad patrones;Academia de Código Sonoro;14-08-2024;assets/img/certificado.png;assets/img/certificado.png",JavaScript;js;Software | Tone.js;headphones;Software | Web Audio API;volume-high;Software | HTML;html5;Software | CSS;css3-alt;Software,Documentación Tone.js;https://tonejs.github.io/docs/;website | Ejemplos Tone.js;https://tonejs.github.io/examples;link | Demo Secuenciador;https://web-sequencer-example.glitch.me/;link,https://picsum.photos/seed/tonejs-seq-gal1/800/450;Código JavaScript mostrando la configuración de un sampler de batería con Tone.js.;Configuración Sampler | https://picsum.photos/seed/tonejs-seq-gal2/800/450;Interfaz del secuenciador con un patrón de batería programado.;Interfaz de Usuario | https://picsum.photos/seed/tonejs-seq-gal3/800/450;Lógica de JavaScript para leer la cuadrícula y programar el loop de Tone.Transport.;Lógica del Secuenciador,70,92,86,88,90,80
Huerto Vertical Automatizado con Micro:bit,IoT,Secundaria,12-04-2025,Cultivo Inteligente: Huerto Vertical,Diseño y construcción de un pequeño huerto vertical con sistema de riego por goteo automatizado y monitoreo de luz/humedad usando Micro:bit y sensores.,https://picsum.photos/seed/vertical-garden-cover/640/360,"Estructura de huerto vertical con plantas, tubos de riego y sensores conectados a un Micro:bit.","Los huertos verticales son una solución para espacios reducidos, pero requieren monitoreo constante. La automatización simplifica su cuidado.",Construir estructura vertical. Instalar sistema de riego por goteo con bomba pequeña. Conectar sensor de humedad de suelo y sensor de luz al Micro:bit. Programar con MakeCode para regar automáticamente si la tierra está seca y (opcionalmente) encender luz LED si falta luz natural.,"<p>Diseño estructura. Montaje riego. Conexión sensores y actuadores (bomba, LED) al Micro:bit vía placa de expansión si es necesario. Programación con MakeCode (condicionales, lectura sensores, control salidas). Pruebas y ajustes.</p>",video,https://www.youtube.com/embed/u2z9SZWSI7M,,"Emiliano Prado;Programador Micro:bit;https://polygonscan.com/token/EXAMPLE_SBT_EMILIANO_P_13;Proyectos STEM con Micro:bit;Inventor Micro:bit;Intermedio;Micro:bit,MakeCode,Sensores (humedad luz),Control bomba/LED;Funcionalidad automatización,Lógica programa,Lectura correcta sensores;Club de Robótica Escolar;08-04-2025;assets/img/certificado.png;assets/img/certificado.png | Ximena Cortés;Diseño / Construcción Huerto;https://polygonscan.com/token/EXAMPLE_SBT_XIMENA_CR_13;Proyectos STEM con Micro:bit;Constructora Verde;Intermedio;Diseño estructural,Construcción madera/PVC,Sistema riego;Estabilidad estructura,Funcionamiento riego;Club de Robótica Escolar;08-04-2025;assets/img/certificado.png;assets/img/certificado.png | Leonardo Yañez;Conexiones / Electrónica;https://polygonscan.com/token/EXAMPLE_SBT_LEONARDO_Y_13;Proyectos STEM con Micro:bit;Electrónico Jr;Básico;Conexiones Micro:bit,Sensores,Actuadores,Soldadura básica;Conexiones correctas,Seguridad eléctrica (baja tensión);Club de Robótica Escolar;08-04-2025;assets/img/certificado.png;assets/img/certificado.png | Regina Zepeda;Cultivo / Monitoreo Plantas;https://polygonscan.com/token/EXAMPLE_SBT_REGINA_Z_13;Introducción a la Horticultura;Cuidadora Plantas Tech;Básico;Horticultura básica,Observación plantas,Registro crecimiento;Salud plantas,Interpretación datos sensores;Club de Robótica Escolar;08-04-2025;assets/img/certificado.png;assets/img/certificado.png | Bruno Islas;Documentación;https://polygonscan.com/token/EXAMPLE_SBT_BRUNO_I_13;Proyectos STEM con Micro:bit;Cronista STEM;Básico;Documentación,Fotografía proceso;Claridad documentación;Club de Robótica Escolar;08-04-2025;assets/img/certificado.png;assets/img/certificado.png",Micro:bit;robot;Hardware | MakeCode;puzzle-piece;Software | Sensor Humedad Suelo;droplet;Hardware | Sensor de Luz (LDR);sun;Hardware | Bomba Agua Pequeña;faucet-drip;Hardware | Riego por Goteo;seedling;Tool,Guía Proyectos Micro:bit;https://makecode.microbit.org/projects;website | Ideas Huertos Verticales;https://www.pinterest.com/search/pins/?q=vertical%20garden%20diy;link,https://picsum.photos/seed/vertical-garden-gal1/800/450;Estructura del huerto vertical construida antes de instalar plantas y sistema.;Estructura Base | https://picsum.photos/seed/vertical-garden-gal2/800/450;Código en MakeCode mostrando la lógica condicional para el riego.;Código de Automatización | https://picsum.photos/seed/vertical-garden-gal3/800/450;Plantas creciendo en el huerto vertical con el sistema funcionando.;Huerto en Operación,88,82,85,90,97,85
Mapa Interactivo de Puntos de Interés Histórico Local,Desarrollo Web,Secundaria,19-05-2024,Historia en el Mapa: Recorrido Virtual,"Una página web con un mapa interactivo (usando Leaflet.js) que muestra marcadores en puntos de interés histórico de la localidad. Al hacer clic en un marcador, aparece información (texto, imagen) sobre ese lugar.",https://picsum.photos/seed/historic-map-cover/640/360,Mapa web mostrando una ciudad con varios marcadores de puntos de interés.,Conocer la historia local puede ser poco atractivo para los jóvenes. Un mapa interactivo ofrece una forma visual y exploratoria de descubrir el patrimonio cercano.,"Crear una página HTML básica. Incluir Leaflet.js. Recopilar coordenadas GPS e información histórica de puntos locales. Programar en JavaScript para inicializar el mapa, añadir marcadores en las coordenadas correctas y configurar popups que muestren la información al hacer clic.",<p>Investigación histórica y geográfica (obtener coordenadas). Configuración HTML/CSS/JS. Inicialización mapa Leaflet. Creación de array/JSON con datos de puntos de interés. Bucle para añadir marcadores y popups con información/imagen.</p>,video,https://www.youtube.com/embed/-SfiOSummer,,"Ismael Guzmán;Desarrollador Web (Leaflet);https://polygonscan.com/token/EXAMPLE_SBT_ISMAEL_G_14;Mapas Web Interactivos;Cartógrafo Digital;Intermedio;HTML,CSS,JavaScript,Leaflet.js,GeoJSON (opcional);Funcionalidad mapa,Interactividad marcadores,Visualización datos geo;Taller de Historia Digital;15-05-2024;assets/img/certificado.png;assets/img/certificado.png | Natalia Solís;Investigadora Histórica;https://polygonscan.com/token/EXAMPLE_SBT_NATALIA_S_14;Historia Local y Patrimonio;Historiadora Jr;Intermedio;Investigación histórica,Redacción contenido,Obtención coordenadas;Precisión histórica,Calidad contenido,Exactitud ubicación;Taller de Historia Digital;15-05-2024;assets/img/certificado.png;assets/img/certificado.png | Gerardo Bravo;Diseñador UI/UX (Mapa);https://polygonscan.com/token/EXAMPLE_SBT_GERARDO_B_14;Mapas Web Interactivos;Diseñador Mapas;Básico;Diseño interfaz mapa,CSS (estilos mapa/popup),Usabilidad;Claridad mapa,Diseño popups;Taller de Historia Digital;15-05-2024;assets/img/certificado.png;assets/img/certificado.png | Adriana Mota;Fotografía / Contenido Multimedia;https://polygonscan.com/token/EXAMPLE_SBT_ADRIANA_M_14;Fotografía y Narrativa Visual;Fotógrafa Patrimonial;Básico;Fotografía,Edición imágenes;Calidad imágenes,Relevancia visual;Taller de Historia Digital;15-05-2024;assets/img/certificado.png;assets/img/certificado.png",Leaflet.js;map-location-dot;Software | JavaScript;js;Software | HTML;html5;Software | CSS;css3-alt;Software | Geocoding;location-crosshairs;Tool,Documentación Leaflet.js;https://leafletjs.com/reference.html;website | Obtener Coordenadas (Google Maps);https://support.google.com/maps/answer/18539;link | Demo Mapa Histórico;https://historic-map-example.glitch.me/;link,https://picsum.photos/seed/historic-map-gal1/800/450;Código JavaScript mostrando cómo añadir un marcador con popup en Leaflet.;Código Marcador | https://picsum.photos/seed/historic-map-gal2/800/450;Popup desplegado en el mapa mostrando información e imagen de un edificio histórico.;Popup Informativo | https://picsum.photos/seed/historic-map-gal3/800/450;Recopilación de datos históricos y coordenadas en una tabla.;Datos de Puntos de Interés,85,88,80,92,94,76